<assembly>
  <id>slim</id>
  <formats>
    <format>jar</format>
  </formats>
  <includeBaseDirectory>false</includeBaseDirectory>
  <fileSets>
    <fileSet>
      <directory>src/main/cljs</directory>
      <outputDirectory>/</outputDirectory>
    </fileSet>
    <fileSet>
      <directory>src/main/clojure</directory>
      <outputDirectory>/</outputDirectory>
    </fileSet>
    <fileSet>
      <directory>resources</directory>
      <outputDirectory>/</outputDirectory>
    </fileSet>
  </fileSets>
  <files>
    <file>
      <source>pom.xml</source>
      <outputDirectory>META-INF/maven/org.clojure/clojurescript</outputDirectory>
    </file>
    <file>
      <source>target/maven-archiver/pom.properties</source>
      <outputDirectory>META-INF/maven/org.clojure/clojurescript</outputDirectory>
    </file>
  </files>
</assembly>
